"","labels","nodes","ancestors","times","genus","species","genspec","genomesize","plethodontids","lifehistory","Notes","bp","of","cyt.b","range","of.1","cyt.b.1","Data","Source","cyt.b.2","Cyt.b","specimen","X.","bp.1","of.2","X16S","range.1","of.3","X16s","Data.1","source","X16S.1","X16S.2","Specimen","X..1","Notes.1","Notes.2","X2.2011","X","X.1","X.2","X.3","X.4","X.5","X.6","X.7","X.8","X.9","X.10","X.11","X.12","X.13","X.14","X.15","X.16","X.17","OU1","pleth","metamorphosis","mpd","mpdMpleth","xMpleth","MxMpleth"
"1","","1",NA,0,NA,NA,NA,NA,"nonp","M",NA,NA,NA,NA,NA,NA,NA,NA,NA,NA,NA,NA,NA,NA,NA,NA,NA,NA,NA,NA,NA,NA,NA,NA,NA,NA,NA,NA,NA,NA,NA,NA,NA,NA,NA,NA,NA,NA,NA,NA,NA,NA,NA,NA,NA,NA,"global","nonp","M","M","M","x","M"
"2","","2","5",0.903195096804903,NA,NA,NA,NA,"nonp","M",NA,NA,NA,NA,NA,NA,NA,NA,NA,NA,NA,NA,NA,NA,NA,NA,NA,NA,NA,NA,NA,NA,NA,NA,NA,NA,NA,NA,NA,NA,NA,NA,NA,NA,NA,NA,NA,NA,NA,NA,NA,NA,NA,NA,NA,NA,"global","nonp","M","M","M","x","M"
"3","","3","4",0.631572368427632,NA,NA,NA,NA,"nonp","M",NA,NA,NA,NA,NA,NA,NA,NA,NA,NA,NA,NA,NA,NA,NA,NA,NA,NA,NA,NA,NA,NA,NA,NA,NA,NA,NA,NA,NA,NA,NA,NA,NA,NA,NA,NA,NA,NA,NA,NA,NA,NA,NA,NA,NA,NA,"global","nonp","M","M","M","x","M"
"4","","4","5",0.541616458383542,NA,NA,NA,NA,"nonp","M",NA,NA,NA,NA,NA,NA,NA,NA,NA,NA,NA,NA,NA,NA,NA,NA,NA,NA,NA,NA,NA,NA,NA,NA,NA,NA,NA,NA,NA,NA,NA,NA,NA,NA,NA,NA,NA,NA,NA,NA,NA,NA,NA,NA,NA,NA,"global","nonp","M","M","M","x","M"
"5","","5","1",0.314569685430315,NA,NA,NA,NA,"nonp","M",NA,NA,NA,NA,NA,NA,NA,NA,NA,NA,NA,NA,NA,NA,NA,NA,NA,NA,NA,NA,NA,NA,NA,NA,NA,NA,NA,NA,NA,NA,NA,NA,NA,NA,NA,NA,NA,NA,NA,NA,NA,NA,NA,NA,NA,NA,"global","nonp","M","M","M","x","M"
"6","","6","7",0.827236172763827,NA,NA,NA,NA,"nonp","M",NA,NA,NA,NA,NA,NA,NA,NA,NA,NA,NA,NA,NA,NA,NA,NA,NA,NA,NA,NA,NA,NA,NA,NA,NA,NA,NA,NA,NA,NA,NA,NA,NA,NA,NA,NA,NA,NA,NA,NA,NA,NA,NA,NA,NA,NA,"global","nonp","x","P","P","x","x"
"7","","7","83",0.536273463726536,NA,NA,NA,NA,"nonp","M",NA,NA,NA,NA,NA,NA,NA,NA,NA,NA,NA,NA,NA,NA,NA,NA,NA,NA,NA,NA,NA,NA,NA,NA,NA,NA,NA,NA,NA,NA,NA,NA,NA,NA,NA,NA,NA,NA,NA,NA,NA,NA,NA,NA,NA,NA,"global","nonp","x","P","P","x","x"
"8","","8","9",0.82993517006483,NA,NA,NA,NA,"nonp","M",NA,NA,NA,NA,NA,NA,NA,NA,NA,NA,NA,NA,NA,NA,NA,NA,NA,NA,NA,NA,NA,NA,NA,NA,NA,NA,NA,NA,NA,NA,NA,NA,NA,NA,NA,NA,NA,NA,NA,NA,NA,NA,NA,NA,NA,NA,"global","nonp","M","M","M","x","M"
"9","","9","14",0.304960695039305,NA,NA,NA,NA,"nonp","M",NA,NA,NA,NA,NA,NA,NA,NA,NA,NA,NA,NA,NA,NA,NA,NA,NA,NA,NA,NA,NA,NA,NA,NA,NA,NA,NA,NA,NA,NA,NA,NA,NA,NA,NA,NA,NA,NA,NA,NA,NA,NA,NA,NA,NA,NA,"global","nonp","M","M","M","x","M"
"10","","10","12",0.955193044806955,NA,NA,NA,NA,"nonp","M",NA,NA,NA,NA,NA,NA,NA,NA,NA,NA,NA,NA,NA,NA,NA,NA,NA,NA,NA,NA,NA,NA,NA,NA,NA,NA,NA,NA,NA,NA,NA,NA,NA,NA,NA,NA,NA,NA,NA,NA,NA,NA,NA,NA,NA,NA,"global","nonp","M","M","M","x","M"
"11","","11","12",0.890813109186891,NA,NA,NA,NA,"nonp","M",NA,NA,NA,NA,NA,NA,NA,NA,NA,NA,NA,NA,NA,NA,NA,NA,NA,NA,NA,NA,NA,NA,NA,NA,NA,NA,NA,NA,NA,NA,NA,NA,NA,NA,NA,NA,NA,NA,NA,NA,NA,NA,NA,NA,NA,NA,"global","nonp","M","M","M","x","M"
"12","","12","13",0.824923175076825,NA,NA,NA,NA,"nonp","M",NA,NA,NA,NA,NA,NA,NA,NA,NA,NA,NA,NA,NA,NA,NA,NA,NA,NA,NA,NA,NA,NA,NA,NA,NA,NA,NA,NA,NA,NA,NA,NA,NA,NA,NA,NA,NA,NA,NA,NA,NA,NA,NA,NA,NA,NA,"global","nonp","M","M","M","x","M"
"13","","13","14",0.707019292980707,NA,NA,NA,NA,"nonp","M",NA,NA,NA,NA,NA,NA,NA,NA,NA,NA,NA,NA,NA,NA,NA,NA,NA,NA,NA,NA,NA,NA,NA,NA,NA,NA,NA,NA,NA,NA,NA,NA,NA,NA,NA,NA,NA,NA,NA,NA,NA,NA,NA,NA,NA,NA,"global","nonp","M","M","M","x","M"
"14","","14","82",0.106711893288107,NA,NA,NA,NA,"nonp","M",NA,NA,NA,NA,NA,NA,NA,NA,NA,NA,NA,NA,NA,NA,NA,NA,NA,NA,NA,NA,NA,NA,NA,NA,NA,NA,NA,NA,NA,NA,NA,NA,NA,NA,NA,NA,NA,NA,NA,NA,NA,NA,NA,NA,NA,NA,"global","nonp","M","M","M","x","M"
"15","","15","81",0.201721798278202,NA,NA,NA,NA,"nonp","M",NA,NA,NA,NA,NA,NA,NA,NA,NA,NA,NA,NA,NA,NA,NA,NA,NA,NA,NA,NA,NA,NA,NA,NA,NA,NA,NA,NA,NA,NA,NA,NA,NA,NA,NA,NA,NA,NA,NA,NA,NA,NA,NA,NA,NA,NA,"global","nonp","x","P","P","x","x"
"16","","16","17",0.737547262452737,NA,NA,NA,NA,"nonp","M",NA,NA,NA,NA,NA,NA,NA,NA,NA,NA,NA,NA,NA,NA,NA,NA,NA,NA,NA,NA,NA,NA,NA,NA,NA,NA,NA,NA,NA,NA,NA,NA,NA,NA,NA,NA,NA,NA,NA,NA,NA,NA,NA,NA,NA,NA,"global","pleth","x","D","D","x","x"
"17","","17","18",0.685274314725685,NA,NA,NA,NA,"nonp","M",NA,NA,NA,NA,NA,NA,NA,NA,NA,NA,NA,NA,NA,NA,NA,NA,NA,NA,NA,NA,NA,NA,NA,NA,NA,NA,NA,NA,NA,NA,NA,NA,NA,NA,NA,NA,NA,NA,NA,NA,NA,NA,NA,NA,NA,NA,"global","pleth","x","D","D","x","x"
"18","","18","23",0.493431506568493,NA,NA,NA,NA,"nonp","M",NA,NA,NA,NA,NA,NA,NA,NA,NA,NA,NA,NA,NA,NA,NA,NA,NA,NA,NA,NA,NA,NA,NA,NA,NA,NA,NA,NA,NA,NA,NA,NA,NA,NA,NA,NA,NA,NA,NA,NA,NA,NA,NA,NA,NA,NA,"global","pleth","x","D","D","x","x"
"19","","19","22",0.807735192264808,NA,NA,NA,NA,"nonp","M",NA,NA,NA,NA,NA,NA,NA,NA,NA,NA,NA,NA,NA,NA,NA,NA,NA,NA,NA,NA,NA,NA,NA,NA,NA,NA,NA,NA,NA,NA,NA,NA,NA,NA,NA,NA,NA,NA,NA,NA,NA,NA,NA,NA,NA,NA,"global","pleth","x","D","D","x","x"
"20","","20","21",0.827947172052828,NA,NA,NA,NA,"nonp","M",NA,NA,NA,NA,NA,NA,NA,NA,NA,NA,NA,NA,NA,NA,NA,NA,NA,NA,NA,NA,NA,NA,NA,NA,NA,NA,NA,NA,NA,NA,NA,NA,NA,NA,NA,NA,NA,NA,NA,NA,NA,NA,NA,NA,NA,NA,"global","pleth","x","D","D","x","x"
"21","","21","22",0.684110315889684,NA,NA,NA,NA,"nonp","M",NA,NA,NA,NA,NA,NA,NA,NA,NA,NA,NA,NA,NA,NA,NA,NA,NA,NA,NA,NA,NA,NA,NA,NA,NA,NA,NA,NA,NA,NA,NA,NA,NA,NA,NA,NA,NA,NA,NA,NA,NA,NA,NA,NA,NA,NA,"global","pleth","x","D","D","x","x"
"22","","22","23",0.642356357643642,NA,NA,NA,NA,"nonp","M",NA,NA,NA,NA,NA,NA,NA,NA,NA,NA,NA,NA,NA,NA,NA,NA,NA,NA,NA,NA,NA,NA,NA,NA,NA,NA,NA,NA,NA,NA,NA,NA,NA,NA,NA,NA,NA,NA,NA,NA,NA,NA,NA,NA,NA,NA,"global","pleth","x","D","D","x","x"
"23","","23","34",0.397553602446398,NA,NA,NA,NA,"nonp","M",NA,NA,NA,NA,NA,NA,NA,NA,NA,NA,NA,NA,NA,NA,NA,NA,NA,NA,NA,NA,NA,NA,NA,NA,NA,NA,NA,NA,NA,NA,NA,NA,NA,NA,NA,NA,NA,NA,NA,NA,NA,NA,NA,NA,NA,NA,"global","pleth","x","D","D","x","x"
"24","","24","34",0.609285390714609,NA,NA,NA,NA,"nonp","M",NA,NA,NA,NA,NA,NA,NA,NA,NA,NA,NA,NA,NA,NA,NA,NA,NA,NA,NA,NA,NA,NA,NA,NA,NA,NA,NA,NA,NA,NA,NA,NA,NA,NA,NA,NA,NA,NA,NA,NA,NA,NA,NA,NA,NA,NA,"global","pleth","x","D","D","x","x"
"25","","25","26",0.698055301944698,NA,NA,NA,NA,"nonp","M",NA,NA,NA,NA,NA,NA,NA,NA,NA,NA,NA,NA,NA,NA,NA,NA,NA,NA,NA,NA,NA,NA,NA,NA,NA,NA,NA,NA,NA,NA,NA,NA,NA,NA,NA,NA,NA,NA,NA,NA,NA,NA,NA,NA,NA,NA,"global","pleth","x","D","D","x","x"
"26","","26","27",0.648495351504648,NA,NA,NA,NA,"nonp","M",NA,NA,NA,NA,NA,NA,NA,NA,NA,NA,NA,NA,NA,NA,NA,NA,NA,NA,NA,NA,NA,NA,NA,NA,NA,NA,NA,NA,NA,NA,NA,NA,NA,NA,NA,NA,NA,NA,NA,NA,NA,NA,NA,NA,NA,NA,"global","pleth","x","D","D","x","x"
"27","","27","32",0.553552446447553,NA,NA,NA,NA,"nonp","M",NA,NA,NA,NA,NA,NA,NA,NA,NA,NA,NA,NA,NA,NA,NA,NA,NA,NA,NA,NA,NA,NA,NA,NA,NA,NA,NA,NA,NA,NA,NA,NA,NA,NA,NA,NA,NA,NA,NA,NA,NA,NA,NA,NA,NA,NA,"global","pleth","x","D","D","x","x"
"28","","28","29",0.828814171185829,NA,NA,NA,NA,"nonp","M",NA,NA,NA,NA,NA,NA,NA,NA,NA,NA,NA,NA,NA,NA,NA,NA,NA,NA,NA,NA,NA,NA,NA,NA,NA,NA,NA,NA,NA,NA,NA,NA,NA,NA,NA,NA,NA,NA,NA,NA,NA,NA,NA,NA,NA,NA,"global","pleth","M","M","Mpleth","Mpleth","Mpleth"
"29","","29","30",0.793084206915793,NA,NA,NA,NA,"nonp","M",NA,NA,NA,NA,NA,NA,NA,NA,NA,NA,NA,NA,NA,NA,NA,NA,NA,NA,NA,NA,NA,NA,NA,NA,NA,NA,NA,NA,NA,NA,NA,NA,NA,NA,NA,NA,NA,NA,NA,NA,NA,NA,NA,NA,NA,NA,"global","pleth","M","M","Mpleth","Mpleth","Mpleth"
"30","","30","31",0.719180280819719,NA,NA,NA,NA,"nonp","M",NA,NA,NA,NA,NA,NA,NA,NA,NA,NA,NA,NA,NA,NA,NA,NA,NA,NA,NA,NA,NA,NA,NA,NA,NA,NA,NA,NA,NA,NA,NA,NA,NA,NA,NA,NA,NA,NA,NA,NA,NA,NA,NA,NA,NA,NA,"global","pleth","M","M","Mpleth","Mpleth","Mpleth"
"31","","31","32",0.581955418044582,NA,NA,NA,NA,"nonp","M",NA,NA,NA,NA,NA,NA,NA,NA,NA,NA,NA,NA,NA,NA,NA,NA,NA,NA,NA,NA,NA,NA,NA,NA,NA,NA,NA,NA,NA,NA,NA,NA,NA,NA,NA,NA,NA,NA,NA,NA,NA,NA,NA,NA,NA,NA,"global","pleth","x","D","D","x","x"
"32","","32","33",0.405363594636405,NA,NA,NA,NA,"nonp","M",NA,NA,NA,NA,NA,NA,NA,NA,NA,NA,NA,NA,NA,NA,NA,NA,NA,NA,NA,NA,NA,NA,NA,NA,NA,NA,NA,NA,NA,NA,NA,NA,NA,NA,NA,NA,NA,NA,NA,NA,NA,NA,NA,NA,NA,NA,"global","pleth","x","D","D","x","x"
"33","","33","34",0.368779631220369,NA,NA,NA,NA,"nonp","M",NA,NA,NA,NA,NA,NA,NA,NA,NA,NA,NA,NA,NA,NA,NA,NA,NA,NA,NA,NA,NA,NA,NA,NA,NA,NA,NA,NA,NA,NA,NA,NA,NA,NA,NA,NA,NA,NA,NA,NA,NA,NA,NA,NA,NA,NA,"global","pleth","x","D","D","x","x"
"34","","34","79",0.325121674878325,NA,NA,NA,NA,"nonp","M",NA,NA,NA,NA,NA,NA,NA,NA,NA,NA,NA,NA,NA,NA,NA,NA,NA,NA,NA,NA,NA,NA,NA,NA,NA,NA,NA,NA,NA,NA,NA,NA,NA,NA,NA,NA,NA,NA,NA,NA,NA,NA,NA,NA,NA,NA,"global","pleth","x","D","D","x","x"
"35","","35","36",0.781095218904781,NA,NA,NA,NA,"nonp","M",NA,NA,NA,NA,NA,NA,NA,NA,NA,NA,NA,NA,NA,NA,NA,NA,NA,NA,NA,NA,NA,NA,NA,NA,NA,NA,NA,NA,NA,NA,NA,NA,NA,NA,NA,NA,NA,NA,NA,NA,NA,NA,NA,NA,NA,NA,"global","pleth","M","M","Mpleth","Mpleth","Mpleth"
"36","","36","42",0.683039316960683,NA,NA,NA,NA,"nonp","M",NA,NA,NA,NA,NA,NA,NA,NA,NA,NA,NA,NA,NA,NA,NA,NA,NA,NA,NA,NA,NA,NA,NA,NA,NA,NA,NA,NA,NA,NA,NA,NA,NA,NA,NA,NA,NA,NA,NA,NA,NA,NA,NA,NA,NA,NA,"global","pleth","M","M","Mpleth","Mpleth","Mpleth"
"37","","37","38",0.991797008202992,NA,NA,NA,NA,"nonp","M",NA,NA,NA,NA,NA,NA,NA,NA,NA,NA,NA,NA,NA,NA,NA,NA,NA,NA,NA,NA,NA,NA,NA,NA,NA,NA,NA,NA,NA,NA,NA,NA,NA,NA,NA,NA,NA,NA,NA,NA,NA,NA,NA,NA,NA,NA,"global","pleth","x","P","P","x","x"
"38","","38","41",0.789289210710789,NA,NA,NA,NA,"nonp","M",NA,NA,NA,NA,NA,NA,NA,NA,NA,NA,NA,NA,NA,NA,NA,NA,NA,NA,NA,NA,NA,NA,NA,NA,NA,NA,NA,NA,NA,NA,NA,NA,NA,NA,NA,NA,NA,NA,NA,NA,NA,NA,NA,NA,NA,NA,"global","pleth","M","M","Mpleth","Mpleth","Mpleth"
"39","","39","40",0.886792113207887,NA,NA,NA,NA,"nonp","M",NA,NA,NA,NA,NA,NA,NA,NA,NA,NA,NA,NA,NA,NA,NA,NA,NA,NA,NA,NA,NA,NA,NA,NA,NA,NA,NA,NA,NA,NA,NA,NA,NA,NA,NA,NA,NA,NA,NA,NA,NA,NA,NA,NA,NA,NA,"global","pleth","M","M","Mpleth","Mpleth","Mpleth"
"40","","40","41",0.822879177120823,NA,NA,NA,NA,"nonp","M",NA,NA,NA,NA,NA,NA,NA,NA,NA,NA,NA,NA,NA,NA,NA,NA,NA,NA,NA,NA,NA,NA,NA,NA,NA,NA,NA,NA,NA,NA,NA,NA,NA,NA,NA,NA,NA,NA,NA,NA,NA,NA,NA,NA,NA,NA,"global","pleth","M","M","Mpleth","Mpleth","Mpleth"
"41","","41","42",0.764799235200765,NA,NA,NA,NA,"nonp","M",NA,NA,NA,NA,NA,NA,NA,NA,NA,NA,NA,NA,NA,NA,NA,NA,NA,NA,NA,NA,NA,NA,NA,NA,NA,NA,NA,NA,NA,NA,NA,NA,NA,NA,NA,NA,NA,NA,NA,NA,NA,NA,NA,NA,NA,NA,"global","pleth","M","M","Mpleth","Mpleth","Mpleth"
"42","","42","78",0.364894635105365,NA,NA,NA,NA,"nonp","M",NA,NA,NA,NA,NA,NA,NA,NA,NA,NA,NA,NA,NA,NA,NA,NA,NA,NA,NA,NA,NA,NA,NA,NA,NA,NA,NA,NA,NA,NA,NA,NA,NA,NA,NA,NA,NA,NA,NA,NA,NA,NA,NA,NA,NA,NA,"global","pleth","M","M","Mpleth","Mpleth","Mpleth"
"43","","43","49",0.700559299440701,NA,NA,NA,NA,"nonp","M",NA,NA,NA,NA,NA,NA,NA,NA,NA,NA,NA,NA,NA,NA,NA,NA,NA,NA,NA,NA,NA,NA,NA,NA,NA,NA,NA,NA,NA,NA,NA,NA,NA,NA,NA,NA,NA,NA,NA,NA,NA,NA,NA,NA,NA,NA,"global","pleth","x","D","D","x","x"
"44","","44","45",0.906108093891906,NA,NA,NA,NA,"nonp","M",NA,NA,NA,NA,NA,NA,NA,NA,NA,NA,NA,NA,NA,NA,NA,NA,NA,NA,NA,NA,NA,NA,NA,NA,NA,NA,NA,NA,NA,NA,NA,NA,NA,NA,NA,NA,NA,NA,NA,NA,NA,NA,NA,NA,NA,NA,"global","pleth","x","D","D","x","x"
"45","","45","48",0.768958231041769,NA,NA,NA,NA,"nonp","M",NA,NA,NA,NA,NA,NA,NA,NA,NA,NA,NA,NA,NA,NA,NA,NA,NA,NA,NA,NA,NA,NA,NA,NA,NA,NA,NA,NA,NA,NA,NA,NA,NA,NA,NA,NA,NA,NA,NA,NA,NA,NA,NA,NA,NA,NA,"global","pleth","x","D","D","x","x"
"46","","46","47",0.80983019016981,NA,NA,NA,NA,"nonp","M",NA,NA,NA,NA,NA,NA,NA,NA,NA,NA,NA,NA,NA,NA,NA,NA,NA,NA,NA,NA,NA,NA,NA,NA,NA,NA,NA,NA,NA,NA,NA,NA,NA,NA,NA,NA,NA,NA,NA,NA,NA,NA,NA,NA,NA,NA,"global","pleth","x","D","D","x","x"
"47","","47","48",0.788604211395789,NA,NA,NA,NA,"nonp","M",NA,NA,NA,NA,NA,NA,NA,NA,NA,NA,NA,NA,NA,NA,NA,NA,NA,NA,NA,NA,NA,NA,NA,NA,NA,NA,NA,NA,NA,NA,NA,NA,NA,NA,NA,NA,NA,NA,NA,NA,NA,NA,NA,NA,NA,NA,"global","pleth","x","D","D","x","x"
"48","","48","49",0.719317280682719,NA,NA,NA,NA,"nonp","M",NA,NA,NA,NA,NA,NA,NA,NA,NA,NA,NA,NA,NA,NA,NA,NA,NA,NA,NA,NA,NA,NA,NA,NA,NA,NA,NA,NA,NA,NA,NA,NA,NA,NA,NA,NA,NA,NA,NA,NA,NA,NA,NA,NA,NA,NA,"global","pleth","x","D","D","x","x"
"49","","49","50",0.673121326878673,NA,NA,NA,NA,"nonp","M",NA,NA,NA,NA,NA,NA,NA,NA,NA,NA,NA,NA,NA,NA,NA,NA,NA,NA,NA,NA,NA,NA,NA,NA,NA,NA,NA,NA,NA,NA,NA,NA,NA,NA,NA,NA,NA,NA,NA,NA,NA,NA,NA,NA,NA,NA,"global","pleth","x","D","D","x","x"
"50","","50","63",0.578285421714578,NA,NA,NA,NA,"nonp","M",NA,NA,NA,NA,NA,NA,NA,NA,NA,NA,NA,NA,NA,NA,NA,NA,NA,NA,NA,NA,NA,NA,NA,NA,NA,NA,NA,NA,NA,NA,NA,NA,NA,NA,NA,NA,NA,NA,NA,NA,NA,NA,NA,NA,NA,NA,"global","pleth","x","D","D","x","x"
"51","","51","52",0.797959202040798,NA,NA,NA,NA,"nonp","M",NA,NA,NA,NA,NA,NA,NA,NA,NA,NA,NA,NA,NA,NA,NA,NA,NA,NA,NA,NA,NA,NA,NA,NA,NA,NA,NA,NA,NA,NA,NA,NA,NA,NA,NA,NA,NA,NA,NA,NA,NA,NA,NA,NA,NA,NA,"global","pleth","x","D","D","x","x"
"52","","52","53",0.768271231728768,NA,NA,NA,NA,"nonp","M",NA,NA,NA,NA,NA,NA,NA,NA,NA,NA,NA,NA,NA,NA,NA,NA,NA,NA,NA,NA,NA,NA,NA,NA,NA,NA,NA,NA,NA,NA,NA,NA,NA,NA,NA,NA,NA,NA,NA,NA,NA,NA,NA,NA,NA,NA,"global","pleth","x","D","D","x","x"
"53","","53","62",0.724138275861724,NA,NA,NA,NA,"nonp","M",NA,NA,NA,NA,NA,NA,NA,NA,NA,NA,NA,NA,NA,NA,NA,NA,NA,NA,NA,NA,NA,NA,NA,NA,NA,NA,NA,NA,NA,NA,NA,NA,NA,NA,NA,NA,NA,NA,NA,NA,NA,NA,NA,NA,NA,NA,"global","pleth","x","D","D","x","x"
"54","","54","55",0.907600092399908,NA,NA,NA,NA,"nonp","M",NA,NA,NA,NA,NA,NA,NA,NA,NA,NA,NA,NA,NA,NA,NA,NA,NA,NA,NA,NA,NA,NA,NA,NA,NA,NA,NA,NA,NA,NA,NA,NA,NA,NA,NA,NA,NA,NA,NA,NA,NA,NA,NA,NA,NA,NA,"global","pleth","x","D","D","x","x"
"55","","55","56",0.883434116565883,NA,NA,NA,NA,"nonp","M",NA,NA,NA,NA,NA,NA,NA,NA,NA,NA,NA,NA,NA,NA,NA,NA,NA,NA,NA,NA,NA,NA,NA,NA,NA,NA,NA,NA,NA,NA,NA,NA,NA,NA,NA,NA,NA,NA,NA,NA,NA,NA,NA,NA,NA,NA,"global","pleth","x","D","D","x","x"
"56","","56","57",0.813134186865813,NA,NA,NA,NA,"nonp","M",NA,NA,NA,NA,NA,NA,NA,NA,NA,NA,NA,NA,NA,NA,NA,NA,NA,NA,NA,NA,NA,NA,NA,NA,NA,NA,NA,NA,NA,NA,NA,NA,NA,NA,NA,NA,NA,NA,NA,NA,NA,NA,NA,NA,NA,NA,"global","pleth","x","D","D","x","x"
"57","","57","61",0.737294262705737,NA,NA,NA,NA,"nonp","M",NA,NA,NA,NA,NA,NA,NA,NA,NA,NA,NA,NA,NA,NA,NA,NA,NA,NA,NA,NA,NA,NA,NA,NA,NA,NA,NA,NA,NA,NA,NA,NA,NA,NA,NA,NA,NA,NA,NA,NA,NA,NA,NA,NA,NA,NA,"global","pleth","x","D","D","x","x"
"58","","58","60",0.794255205744794,NA,NA,NA,NA,"nonp","M",NA,NA,NA,NA,NA,NA,NA,NA,NA,NA,NA,NA,NA,NA,NA,NA,NA,NA,NA,NA,NA,NA,NA,NA,NA,NA,NA,NA,NA,NA,NA,NA,NA,NA,NA,NA,NA,NA,NA,NA,NA,NA,NA,NA,NA,NA,"global","pleth","x","D","D","x","x"
"59","","59","60",0.723251276748723,NA,NA,NA,NA,"nonp","M",NA,NA,NA,NA,NA,NA,NA,NA,NA,NA,NA,NA,NA,NA,NA,NA,NA,NA,NA,NA,NA,NA,NA,NA,NA,NA,NA,NA,NA,NA,NA,NA,NA,NA,NA,NA,NA,NA,NA,NA,NA,NA,NA,NA,NA,NA,"global","pleth","x","D","D","x","x"
"60","","60","61",0.673095326904673,NA,NA,NA,NA,"nonp","M",NA,NA,NA,NA,NA,NA,NA,NA,NA,NA,NA,NA,NA,NA,NA,NA,NA,NA,NA,NA,NA,NA,NA,NA,NA,NA,NA,NA,NA,NA,NA,NA,NA,NA,NA,NA,NA,NA,NA,NA,NA,NA,NA,NA,NA,NA,"global","pleth","x","D","D","x","x"
"61","","61","62",0.657538342461658,NA,NA,NA,NA,"nonp","M",NA,NA,NA,NA,NA,NA,NA,NA,NA,NA,NA,NA,NA,NA,NA,NA,NA,NA,NA,NA,NA,NA,NA,NA,NA,NA,NA,NA,NA,NA,NA,NA,NA,NA,NA,NA,NA,NA,NA,NA,NA,NA,NA,NA,NA,NA,"global","pleth","x","D","D","x","x"
"62","","62","63",0.641376358623641,NA,NA,NA,NA,"nonp","M",NA,NA,NA,NA,NA,NA,NA,NA,NA,NA,NA,NA,NA,NA,NA,NA,NA,NA,NA,NA,NA,NA,NA,NA,NA,NA,NA,NA,NA,NA,NA,NA,NA,NA,NA,NA,NA,NA,NA,NA,NA,NA,NA,NA,NA,NA,"global","pleth","x","D","D","x","x"
"63","","63","68",0.529321470678529,NA,NA,NA,NA,"nonp","M",NA,NA,NA,NA,NA,NA,NA,NA,NA,NA,NA,NA,NA,NA,NA,NA,NA,NA,NA,NA,NA,NA,NA,NA,NA,NA,NA,NA,NA,NA,NA,NA,NA,NA,NA,NA,NA,NA,NA,NA,NA,NA,NA,NA,NA,NA,"global","pleth","x","D","D","x","x"
"64","","64","68",0.529346470653529,NA,NA,NA,NA,"nonp","M",NA,NA,NA,NA,NA,NA,NA,NA,NA,NA,NA,NA,NA,NA,NA,NA,NA,NA,NA,NA,NA,NA,NA,NA,NA,NA,NA,NA,NA,NA,NA,NA,NA,NA,NA,NA,NA,NA,NA,NA,NA,NA,NA,NA,NA,NA,"global","pleth","x","D","D","x","x"
"65","","65","66",0.868708131291869,NA,NA,NA,NA,"nonp","M",NA,NA,NA,NA,NA,NA,NA,NA,NA,NA,NA,NA,NA,NA,NA,NA,NA,NA,NA,NA,NA,NA,NA,NA,NA,NA,NA,NA,NA,NA,NA,NA,NA,NA,NA,NA,NA,NA,NA,NA,NA,NA,NA,NA,NA,NA,"global","pleth","x","D","D","x","x"
"66","","66","67",0.822169177830822,NA,NA,NA,NA,"nonp","M",NA,NA,NA,NA,NA,NA,NA,NA,NA,NA,NA,NA,NA,NA,NA,NA,NA,NA,NA,NA,NA,NA,NA,NA,NA,NA,NA,NA,NA,NA,NA,NA,NA,NA,NA,NA,NA,NA,NA,NA,NA,NA,NA,NA,NA,NA,"global","pleth","x","D","D","x","x"
"67","","67","68",0.533160466839533,NA,NA,NA,NA,"nonp","M",NA,NA,NA,NA,NA,NA,NA,NA,NA,NA,NA,NA,NA,NA,NA,NA,NA,NA,NA,NA,NA,NA,NA,NA,NA,NA,NA,NA,NA,NA,NA,NA,NA,NA,NA,NA,NA,NA,NA,NA,NA,NA,NA,NA,NA,NA,"global","pleth","x","D","D","x","x"
"68","","68","78",0.49001250998749,NA,NA,NA,NA,"nonp","M",NA,NA,NA,NA,NA,NA,NA,NA,NA,NA,NA,NA,NA,NA,NA,NA,NA,NA,NA,NA,NA,NA,NA,NA,NA,NA,NA,NA,NA,NA,NA,NA,NA,NA,NA,NA,NA,NA,NA,NA,NA,NA,NA,NA,NA,NA,"global","pleth","x","D","D","x","x"
"69","","69","77",0.832020167979832,NA,NA,NA,NA,"nonp","M",NA,NA,NA,NA,NA,NA,NA,NA,NA,NA,NA,NA,NA,NA,NA,NA,NA,NA,NA,NA,NA,NA,NA,NA,NA,NA,NA,NA,NA,NA,NA,NA,NA,NA,NA,NA,NA,NA,NA,NA,NA,NA,NA,NA,NA,NA,"global","pleth","x","D","D","x","x"
"70","","70","71",0.836647163352837,NA,NA,NA,NA,"nonp","M",NA,NA,NA,NA,NA,NA,NA,NA,NA,NA,NA,NA,NA,NA,NA,NA,NA,NA,NA,NA,NA,NA,NA,NA,NA,NA,NA,NA,NA,NA,NA,NA,NA,NA,NA,NA,NA,NA,NA,NA,NA,NA,NA,NA,NA,NA,"global","pleth","x","D","D","x","x"
"71","","71","74",0.813317186682813,NA,NA,NA,NA,"nonp","M",NA,NA,NA,NA,NA,NA,NA,NA,NA,NA,NA,NA,NA,NA,NA,NA,NA,NA,NA,NA,NA,NA,NA,NA,NA,NA,NA,NA,NA,NA,NA,NA,NA,NA,NA,NA,NA,NA,NA,NA,NA,NA,NA,NA,NA,NA,"global","pleth","x","D","D","x","x"
"72","","72","73",0.832682167317833,NA,NA,NA,NA,"nonp","M",NA,NA,NA,NA,NA,NA,NA,NA,NA,NA,NA,NA,NA,NA,NA,NA,NA,NA,NA,NA,NA,NA,NA,NA,NA,NA,NA,NA,NA,NA,NA,NA,NA,NA,NA,NA,NA,NA,NA,NA,NA,NA,NA,NA,NA,NA,"global","pleth","x","D","D","x","x"
"73","","73","74",0.788094211905788,NA,NA,NA,NA,"nonp","M",NA,NA,NA,NA,NA,NA,NA,NA,NA,NA,NA,NA,NA,NA,NA,NA,NA,NA,NA,NA,NA,NA,NA,NA,NA,NA,NA,NA,NA,NA,NA,NA,NA,NA,NA,NA,NA,NA,NA,NA,NA,NA,NA,NA,NA,NA,"global","pleth","x","D","D","x","x"
"74","","74","75",0.735717264282736,NA,NA,NA,NA,"nonp","M",NA,NA,NA,NA,NA,NA,NA,NA,NA,NA,NA,NA,NA,NA,NA,NA,NA,NA,NA,NA,NA,NA,NA,NA,NA,NA,NA,NA,NA,NA,NA,NA,NA,NA,NA,NA,NA,NA,NA,NA,NA,NA,NA,NA,NA,NA,"global","pleth","x","D","D","x","x"
"75","","75","76",0.72050627949372,NA,NA,NA,NA,"nonp","M",NA,NA,NA,NA,NA,NA,NA,NA,NA,NA,NA,NA,NA,NA,NA,NA,NA,NA,NA,NA,NA,NA,NA,NA,NA,NA,NA,NA,NA,NA,NA,NA,NA,NA,NA,NA,NA,NA,NA,NA,NA,NA,NA,NA,NA,NA,"global","pleth","x","D","D","x","x"
"76","","76","77",0.63049336950663,NA,NA,NA,NA,"nonp","M",NA,NA,NA,NA,NA,NA,NA,NA,NA,NA,NA,NA,NA,NA,NA,NA,NA,NA,NA,NA,NA,NA,NA,NA,NA,NA,NA,NA,NA,NA,NA,NA,NA,NA,NA,NA,NA,NA,NA,NA,NA,NA,NA,NA,NA,NA,"global","pleth","x","D","D","x","x"
"77","","77","78",0.588528411471589,NA,NA,NA,NA,"nonp","M",NA,NA,NA,NA,NA,NA,NA,NA,NA,NA,NA,NA,NA,NA,NA,NA,NA,NA,NA,NA,NA,NA,NA,NA,NA,NA,NA,NA,NA,NA,NA,NA,NA,NA,NA,NA,NA,NA,NA,NA,NA,NA,NA,NA,NA,NA,"global","pleth","x","D","D","x","x"
"78","","78","79",0.294268705731294,NA,NA,NA,NA,"nonp","M",NA,NA,NA,NA,NA,NA,NA,NA,NA,NA,NA,NA,NA,NA,NA,NA,NA,NA,NA,NA,NA,NA,NA,NA,NA,NA,NA,NA,NA,NA,NA,NA,NA,NA,NA,NA,NA,NA,NA,NA,NA,NA,NA,NA,NA,NA,"global","pleth","M","M","Mpleth","Mpleth","Mpleth"
"79","","79","80",0.261130738869261,NA,NA,NA,NA,"nonp","M",NA,NA,NA,NA,NA,NA,NA,NA,NA,NA,NA,NA,NA,NA,NA,NA,NA,NA,NA,NA,NA,NA,NA,NA,NA,NA,NA,NA,NA,NA,NA,NA,NA,NA,NA,NA,NA,NA,NA,NA,NA,NA,NA,NA,NA,NA,"global","pleth","M","M","Mpleth","Mpleth","Mpleth"
"80","","80","81",0.132248867751132,NA,NA,NA,NA,"nonp","M",NA,NA,NA,NA,NA,NA,NA,NA,NA,NA,NA,NA,NA,NA,NA,NA,NA,NA,NA,NA,NA,NA,NA,NA,NA,NA,NA,NA,NA,NA,NA,NA,NA,NA,NA,NA,NA,NA,NA,NA,NA,NA,NA,NA,NA,NA,"global","nonp","M","M","M","x","M"
"81","","81","82",0.0852159147840852,NA,NA,NA,NA,"nonp","M",NA,NA,NA,NA,NA,NA,NA,NA,NA,NA,NA,NA,NA,NA,NA,NA,NA,NA,NA,NA,NA,NA,NA,NA,NA,NA,NA,NA,NA,NA,NA,NA,NA,NA,NA,NA,NA,NA,NA,NA,NA,NA,NA,NA,NA,NA,"global","nonp","M","M","M","x","M"
"82","","82","83",0.0611019388980611,NA,NA,NA,NA,"nonp","M",NA,NA,NA,NA,NA,NA,NA,NA,NA,NA,NA,NA,NA,NA,NA,NA,NA,NA,NA,NA,NA,NA,NA,NA,NA,NA,NA,NA,NA,NA,NA,NA,NA,NA,NA,NA,NA,NA,NA,NA,NA,NA,NA,NA,NA,NA,"global","nonp","M","M","M","x","M"
"83","","83","1",0.025992974007026,NA,NA,NA,NA,"nonp","M",NA,NA,NA,NA,NA,NA,NA,NA,NA,NA,NA,NA,NA,NA,NA,NA,NA,NA,NA,NA,NA,NA,NA,NA,NA,NA,NA,NA,NA,NA,NA,NA,NA,NA,NA,NA,NA,NA,NA,NA,NA,NA,NA,NA,NA,NA,"global","nonp","M","M","M","x","M"
"97","Ambystoma_californiense","97","8",0.999999000001,"Ambystoma","californiense","A_californiense",32,"nonp","M","whole","whole","NC_006890","whole","whole","NC_006890","","","","","","","","","","","","","","","","","","","","","","","","","","","","","","","","","","","","","","","","","global","nonp","M","M","M","x","M"
"95","Ambystoma_laterale","95","8",0.999999000001,"Ambystoma","laterale","A_laterale",29,"nonp","M","whole","whole","AY728218","whole","whole","AY728218","","","","","","","","","","","","","","","","","","","","","","","","","","","","","","","","","","","","","","","","","global","nonp","M","M","M","x","M"
"98","Ambystoma_mexicanum","98","8",0.999999000001,"Ambystoma","mexicanum","A_mexicanum",26,"nonp","M","(but","does","P)","whole","whole","NC_005797","whole","whole","NC_005797","","","","","","","","","","","","","","","","","","","","","","","","","","","","","","","","","","","","","","global","nonp","M","M","M","x","M"
"96","Ambystoma_texanum","96","8",0.999999000001,"Ambystoma","texanum","A_texanum",25,"nonp","M","whole","whole","GU078471","whole","whole","GU078471","","","","","","","","","","","","","","","","","","","","","","","","","","","","","","","","","","","","","","","","","global","nonp","M","M","M","x","M"
"99","Ambystoma_tigrinum","99","8",0.999999000001,"Ambystoma","tigrinum","A_tigrinum",31,"nonp","M","(but","some","are","P)","whole","whole","NC_006887","whole","whole","NC_006887","huge","range","of","sizes","likely","reflect","real","variation","in","species","complex.","Also","facultative","metamorphosis","and","geographic","variation","in","metamorphosis.","","","","","","","","","","","","","","","","","","global","nonp","M","M","M","x","M"
"110","Amphiuma_means","110","80",0.999999000001,"Amphiuma","means","A_means",79,"nonp","P","whole","whole","GQ368656","whole","whole","GQ368656","","","","","","","","","","","","","","","","","","","","","","","","","","","","","","","","","","","","","","","","","global","nonp","x","P","P","x","x"
"84","Andrias_davidianus","84","2",0.999999000001,"Andrias","davidianus","A_davidianus",50,"nonp","M","1141","whole","NC_004926","whole","whole","NC_004926","","","","","","","","","","","","","","","","","","","","","","","","","","","","","","","","","","","","","","","","","global","nonp","M","M","M","x","M"
"85","Andrias_japonicus","85","2",0.999999000001,"Andrias","japonicus","A_japonicus",47,"nonp","M","whole","whole","NC_007446","whole","whole","NC_007446","","","","","","","","","","","","","","","","","","","","","","","","","","","","","","","","","","","","","","","","","global","nonp","M","M","M","x","M"
"126","Aneides_aeneus","126","27",0.999998000002,"Aneides","aeneus","A_aeneus",44,"plethodontids","D","783","22-804","AY691742","JB32","582","302-449","Ns","1039-1482","DH74985","16s-cytb","chimaera.","The","16s","data","is","in","two","fragments","connected","by","a","lot","of","Ns","","","","","","","","","","","","","","","","","","","","","","","global","pleth","x","D","D","x","x"
"129","Aneides_ferreus","129","25",0.999998000002,"Aneides","ferreus","A_ferreus",42,"plethodontids","D","933","80-1012","NICK","MVZ","147069(Jose","used","this","same","one?)","1441","55-1535","Jose","MVZ","147069","","","","","","","","","","","","","","","","","","","","","","","","","","","","","","","","","global","pleth","x","D","D","x","x"
"130","Aneides_flavipunctatus","130","25",0.999998000002,"Aneides","flavipunctatus","A_flavipunctatus",45,"plethodontids","D","1141","WHOLE","AY728214","MVZ","219973","WHOLE","AY728214","MVZ","219973","","","","","","","","","","","","","","","","","","","","","","","","","","","","","","","","","","","","","","global","pleth","x","D","D","x","x"
"127","Aneides_hardii","127","27",0.999998000002,"Aneides","hardii","A_hardii",33,"plethodontids","D","1140","WHOLE","AY728226","MVZ","226110","WHOLE","AY728226","MVZ","226110","","","","","","","","","","","","","","","","","","","","","","","","","","","","","","","","","","","","","","global","pleth","x","D","D","x","x"
"128","Aneides_lugubris","128","26",0.999998000002,"Aneides","lugubris","A_lugubris",43,"plethodontids","D","865","143-1006","NICK","MVZ","238553","WHOLE","My","JGI","MVZ","243266","16s-cytb","chimaera","","","","","","","","","","","","","","","","","","","","","","","","","","","","","","","","","","","global","pleth","x","D","D","x","x"
"189","Batrachoseps_attenuatus","189","76",0.999999000001,"Batrachoseps","attenuatus","B_attenuatus",41,"plethodontids","D","1140","WHOLE","AY728228","MVZ","230761","WHOLE","AY728228","MVZ","230761","","","","","","","","","","","","","","","","","","","","","","","","","","","","","","","","","","","","","","global","pleth","x","D","D","x","x"
"178","Batrachoseps_campi","178","69",1,"Batrachoseps","campi","B_campi",35,"plethodontids","D","555","42-596","U89626","MVZ","227119","1271","147-1424","NICK","MVZ","251908","16s-cyt-b","chimaera","Reverse","&","complemented","sequence","12-1-11","","","","","","","","","","","","","","","","","","","","","","","","","","","","","","global","pleth","x","D","D","x","x"
"180","Batrachoseps_gabrieli","180","75",1,"Batrachoseps","gabrieli","B_gabrieli",35,"plethodontids","D","1024","52-1074","Jose","MVZ","251911","1288","137-1430","Jose","MVZ","251911","","","","","","","","","","","","","","","","","","","","","","","","","","","","","","","","","","","","","global","pleth","x","D","D","x","x"
"181","Batrachoseps_gavilanensis","181","74",0.999999000001,"Batrachoseps","gavilanensis","B_gavilanensis",27,"plethodontids","D","1025","52-1075","Jose","MVZ","251917","1281","144-1428","Nick","MVZ251917","","","","","","","","","","","","","","","","","","","","","","","","","","","","","","","","","","","","","","global","pleth","x","D","D","x","x"
"188","Batrachoseps_gregarius","188","72",1,"Batrachoseps","gregarius","B_gregarius",28,"plethodontids","D","1054","21-1073","Jose","MVZ","251921","1302","144-1452","Jose","MVZ","251921","","","","","","","","","","","","","","","","","","","","","","","","","","","","","","","","","","","","","global","pleth","x","D","D","x","x"
"184","Batrachoseps_incognitus","184","70",0.999999000001,"Batrachoseps","incognitus","B_incognitus",31,"plethodontids","D","784","21-804","1300","138-1444","Nick","MVZ","251931","","","","","","","","","","","","","","","","","","","","","","","","","","","","","","","","","","","","","","","","global","pleth","x","D","D","x","x"
"185","Batrachoseps_kawia","185","73",0.999999000001,"Batrachoseps","kawia","B_kawia",33,"plethodontids","D","1051","21-1070","Jose","MVZ","251932","~WHOLE","136-1424","Nick","MVZ","251932","","","","","","","","","","","","","","","","","","","","","","","","","","","","","","","","","","","","","global","pleth","x","D","D","x","x"
"183","Batrachoseps_luciae","183","70",0.999999000001,"Batrachoseps","luciae","B_luciae",30,"plethodontids","D","1055","21-1074","Jose","MVZ","251933","1289","133-1427","Nick","MVZ","251933","","","","","","","","","","","","","","","","","","","","","","","","","","","","","","","","","","","","","global","pleth","x","D","D","x","x"
"182","Batrachoseps_major","182","71",0.999999000001,"Batrachoseps","major","B_major",32,"plethodontids","D","949","22-969","Jose","MVZ","251937","1272","147-1425","Jose","MVZ","251937","","","","","","","","","","","","","","","","","","","","","","","","","","","","","","","","","","","","","global","pleth","x","D","D","x","x"
"186","Batrachoseps_nigriventris","186","72",1,"Batrachoseps","nigriventris","B_nigriventris",26,"plethodontids","D","1025","52-1065","Jose","MVZ","251952","1281","136-1424","Nick","MVZ","251952","","","","","","","","","","","","","","","","","","","","","","","","","","","","","","","","","","","","","global","pleth","x","D","D","x","x"
"179","Batrachoseps_robustus","179","69",1,"Batrachoseps","robustus","B_robustus",37,"plethodontids","D","741","43-783","1272","147-1424","Jose","MVZ251955","","","","","","","","","","","","","","","","","","","","","","","","","","","","","","","","","","","","","","","","","global","pleth","x","D","D","x","x"
"187","Batrachoseps_sp_fairview","187","72",1,"Batrachoseps","sp_fairview","B_fairview",26,"plethodontids","D","760","26-785","1294","136-1435","NICK","MVZ","244087","","","","","","","","","","","","","","","","","","","","","","","","","","","","","","","","","","","","","","","","global","pleth","x","D","D","x","x"
"89","Batrachuperus_mustersi","89","3",0.999999000001,"Batrachuperus","mustersi","B_mustersi",22,"nonp","M","whole","whole","DQ333821","whole","whole","DQ333821","","","","","","","","","","","","","","","","","","","","","","","","","","","","","","","","","","","","","","","","","global","nonp","M","M","M","x","M"
"157","Bolitoglossa_cerroensis","157","51",0.999999000001,"Bolitoglossa","cerroensis","B_cerroensis",58,"plethodontids","D","647","21-667","AF212096","#","not","in","genbank","or","in","PNAS","reference","~510","825-1342","AF199233","MVZ","S","12921","","","","","","","","","","","","","","","","","","","","","","","","","","","","","","global","pleth","x","D","D","x","x"
"156","Bolitoglossa_colonnea","156","53",0.999998000002,"Bolitoglossa","colonnea","B_colonnea",54,"plethodontids","D","617","51-667","AY526162","#","not","in","genbank","because","there","is","no","actual","voucher","associated","wtih","this","sequence","but","same","individual","as","16s","sequence","~510","825-1342","AY526119","#","not","in","genbank","because","there","is","no","actual","voucher","associated","wtih","this","sequence","but","same","individual","as","16s","sequence","global","pleth","x","D","D","x","x"
"166","Bolitoglossa_dofleini","166","57",0.999998000002,"Bolitoglossa","dofleini","B_dofleini",59,"plethodontids","D","616","44-659","AF212988","MVZ","171607","~510","825-1342","AF218497","MVZ","161607","","","","","","","","","","","","","","","","","","","","","","","","","","","","","","","","","","","","","global","pleth","x","D","D","x","x"
"162","Bolitoglossa_dunni","162","55",0.999998000002,"Bolitoglossa","dunni","B_dunni",51,"plethodontids","D","782","23-804","GU725459","MVZ","263454","~510","825-1342","AY526145","LDW11217","16s-cytb","chimaera","","","","","","","","","","","","","","","","","","","","","","","","","","","","","","","","","","","","global","pleth","x","D","D","x","x"
"165","Bolitoglossa_engelhardti","165","57",0.999998000002,"Bolitoglossa","engelhardti","B_englehardti",48,"plethodontids","D","589","45-633","GU725461","MVZ","251495","~510","825-1342","AF218496","MVZ","167789","16s-cytb","chimaera","","","","","","","","","","","","","","","","","","","","","","","","","","","","","","","","","","","global","pleth","x","D","D","x","x"
"161","Bolitoglossa_flavimembris","161","54",0.999997000003,"Bolitoglossa","flavimembris","B_flavimembris",50,"plethodontids","D","773","23-804","GU725462","MVZ","177786","~510","825-1342","GU725449","MVZ","177786","","","","","","","","","","","","","","","","","","","","","","","","","","","","","","","","","","","","","global","pleth","x","D","D","x","x"
"167","Bolitoglossa_hartwegi","167","60",0.999999000001,"Bolitoglossa","hartwegi","B_hartwegi",42,"plethodontids","D","641","19-659","HQ009996","UTA","A-54817","~510","825-1342","AF218494","MVZ","177790","16s-cytb","chimaera","","","","","","","","","","","","","","","","","","","","","","","","","","","","","","","","","","","global","pleth","x","D","D","x","x"
"163","Bolitoglossa_lincolni","163","56",0.999998000002,"Bolitoglossa","lincolni","B_lincolni",53,"plethodontids","D","784","23-804","GU725464","MVZ","263475","~510","825-1342","GU725451","MVZ","263475","","","","","","","","","","","","","","","","","","","","","","","","","","","","","","","","","","","","","global","pleth","x","D","D","x","x"
"158","Bolitoglossa_minutula","158","51",0.999999000001,"Bolitoglossa","minutula","B_minutula",49,"plethodontids","D","573","49-621","AF212098","specimen","#","not","in","GenBank","or","PNAS","paper","~510","825-1342","AY526124","MVZs12932","","","","","","","","","","","","","","","","","","","","","","","","","","","","","","","","global","pleth","x","D","D","x","x"
"160","Bolitoglossa_morio","160","54",0.999997000003,"Bolitoglossa","morio","B_morio",57,"plethodontids","D","754","23-804","GU725465","MVZ","257825","~510","825-1342","GU725452","MVZ","257825","","","","","","","","","","","","","","","","","","","","","","","","","","","","","","","","","","","","","global","pleth","x","D","D","x","x"
"170","Bolitoglossa_occidentalis","170","59",0.999998000002,"Bolitoglossa","occidentalis","B_occidentalis",44,"plethodontids","D","898","156-1052","NICK","MVZ","GP1395","1076","108-1237","NICK","GP1395","","","","","","","","","","","","","","","","","","","","","","","","","","","","","","","","","","","","","","global","pleth","x","D","D","x","x"
"169","Bolitoglossa_platydactyla","169","58",0.999999000001,"Bolitoglossa","platydactyla","B_platydactyla",67,"plethodontids","D","647","20-667","AY133484","GP587","1090","249-1339","DQ640054","AY133487","GP587","16S","DATA","FOR","SAME","INDIVIDUAL","FROM","TWO","STUDIES","","","","","","","","","","","","","","","","","","","","","","","","","","","","","","global","pleth","x","D","D","x","x"
"164","Bolitoglossa_rostrata","164","57",0.999998000002,"Bolitoglossa","rostrata","B_rostrata",48,"plethodontids","D","751","51-801","GU725466","MVZ","263517","904","254-1197","NICK","MVZ","263517","","","","","","","","","","","","","","","","","","","","","","","","","","","","","","","","","","","","","global","pleth","x","D","D","x","x"
"171","Bolitoglossa_rufescens","171","59",0.999998000002,"Bolitoglossa","rufescens","B_rufescens",42,"plethodontids","D","645","21-664","AY526159","MVZ194333","1329","8-1378","DQ283335","JAC","21178","16S-CYTB","CHIMAERA","","","","","","","","","","","","","","","","","","","","","","","","","","","","","","","","","","","","global","pleth","x","D","D","x","x"
"168","Bolitoglossa_striatula","168","58",0.999999000001,"Bolitoglossa","striatula","B_striatula",63,"plethodontids","D","214","186-400","AF212982","MVZ","181280","~510","825-1342","AF218488","MVZ","181280","","","","","","","","","","","","","","","","","","","","","","","","","","","","","","","","","","","","","global","pleth","x","D","D","x","x"
"159","Bolitoglossa_subpalmata","159","52",0.999998000002,"Bolitoglossa","subpalmata","B_subpalmata",66,"plethodontids","D","648","20-667","AF212091","MVZ","194828","1141","191-1370","DQ640052","EU448107","dbw5872","194828","16S","SEQUENCE","IS","A","CHIMAERA","CYT-B","MATCHES","ONE","OF","THE","2","","","","","","","","","","","","","","","","","","","","","","","","","global","pleth","x","D","D","x","x"
"172","Dendrotriton_bromeliacius","172","64",0.999999000001,"Dendrotriton","bromeliacius","D_bromeliacius",37,"plethodontids","D","832","230-1060","Nick","SMR","346","870","401-1299","Nick","SMR","346","","","","","","","","","","","","","","","","","","","","","","","","","","","","","","","","","","","","","global","pleth","x","D","D","x","x"
"135","Desmognathus_fuscus","135","28",0.999999000001,"Desmognathus","fuscus","D_fuscus",17,"plethodontids","M","Mpleth","1140","WHOLE","NC_006339","MVZ","224931","WHOLE","WHOLE","NC_006339","224931","","","","","","","","","","","","","","","","","","","","","","","","","","","","","","","","","","","","","global","pleth","M","M","Mpleth","Mpleth","Mpleth"
"133","Desmognathus_monticola","133","29",0.999998000002,"Desmognathus","monticola","D_monticola",16,"plethodontids","M","Mpleth","798","224-1020","NICK","UAHC","15894","536","832-1370","EF107178","1049DesMon","","","","","","","","","","","","","","","","","","","","","","","","","","","","","","","","","","","","","global","pleth","M","M","Mpleth","Mpleth","Mpleth"
"134","Desmognathus_ochrophaeus","134","28",0.999999000001,"Desmognathus","ochrophaeus","D_ochrophaeus",16,"plethodontids","M","Mpleth","1079","39-1116","NICK","UAHC","16065","897","397-1307","NICK","UAHC","16065","","","","","","","","","","","","","","","","","","","","","","","","","","","","","","","","","","","","global","pleth","M","M","Mpleth","Mpleth","Mpleth"
"132","Desmognathus_quadramaculatus","132","30",0.999998000002,"Desmognathus","quadramaculatus","D_quadramaculatus",15,"plethodontids","M","Mpleth","783","20-805","AY691739","UTA","56601","1365","1-1365","DQ283253","UMMZ","221202","16S-CYTB","CHIMAERA","","","","","","","","","","","","","","","","","","","","","","","","","","","","","","","","","","global","pleth","M","M","Mpleth","Mpleth","Mpleth"
"131","Desmognathus_wrighti","131","31",0.999998000002,"Desmognathus","wrighti","D_wrighti",14,"plethodontids","D","1140","WHOLE","NC_006337","MVZ","222618","WHOLE","WHOLE","NC_006337","MVZ","222618","","","","","","","","","","","","","","","","","","","","","","","","","","","","","","","","","","","","","global","pleth","x","D","D","x","x"
"94","Dicamptodon_ensatus","94","9",0.999999000001,"Dicamptodon","ensatus","D_ensatus",57,"nonp","M","(although","P","exist","in","many","pops)","whole","whole","AY734604","MVZ","192593","1393","1-1393","DQ283118","RAN","31288","16s-cytb","chimaera","","","","","","","","","","","","","","","","","","","","","","","","","","","","","global","nonp","M","M","M","x","M"
"124","Ensatina_eschscholtzii","124","33",0.999999000001,"Ensatina","eschscholtzii","E_eschscholtzii",45,"plethodontids","D","1140","WHOLE","NC_006328","MVZ","236229","WHOLE","WHOLE","NC_006328","MVZ","236229","","","","","","","","","","","","","","","","","","","","","","","","","","","","","","","","","","","","","global","pleth","x","D","D","x","x"
"146","Eurycea_bislineata","146","39",0.999999000001,"Eurycea","bislineata","E_bislineata",23,"plethodontids","M","Mpleth","1140","WHOLE","NC_006329","MVZ","225074","WHOLE","WHOLE","NC_006329","MVZ","225074","","","","","","","","","","","","","","","","","","","","","","","","","","","","","","","","","","","","global","pleth","M","M","Mpleth","Mpleth","Mpleth"
"143","Eurycea_longicauda","143","40",0.999999000001,"Eurycea","longicauda","E_longicauda",28,"plethodontids","M","Mpleth","1118","~WHOLE","AY528403","CM","147803","486","bp","856-1344","FJ866465","voucher","394","","","","","","","","","","","","","","","","","","","","","","","","","","","","","","","","","","","global","pleth","M","M","Mpleth","Mpleth","Mpleth"
"144","Eurycea_lucifuga","144","40",0.999999000001,"Eurycea","lucifuga","E_lucifuga",21,"plethodontids","M","Mpleth","1104","37-1140","FJ917636","no","specimen","#","in","GenBank","of","J.","Zool","paper","1324","78-1412","Jose","MVZ","222637","","","","","","","","","","","","","","","","","","","","","","","","","","","","","global","pleth","M","M","Mpleth","Mpleth","Mpleth"
"141","Eurycea_neotenes","141","37",0.999999000001,"Eurycea","neotenes","E_neotenes",26,"plethodontids","P","1118","~WHOLE","AY528400","TNHC_60313","1321","129-1463","JOSE","TNHC","60313","16S-CYTB","CHIMAERA","","","","","","","","","","","","","","","","","","","","","","","","","","","","","","","","","","","","global","pleth","x","P","P","x","x"
"142","Eurycea_quadridigitata","142","38",1,"Eurycea","quadridigitata","E_quadridigitata",25,"plethodontids","M","Mpleth","1118","~WHOLE","AY528401","UTA_56412","700","833-1538","AY523777","VUB","1058","16S-CYTB","CHIMAERA","","","","","","","","","","","","","","","","","","","","","","","","","","","","","","","","","","","global","pleth","M","M","Mpleth","Mpleth","Mpleth"
"140","Eurycea_tridentifera","140","37",0.999999000001,"Eurycea","tridentifera","E_tridentifera",27,"plethodontids","P","1030","20-1045","AY014848","TNHC","51057","1278","127-1418","NICK","TNHC","51057","","","","","","","","","","","","","","","","","","","","","","","","","","","","","","","","","","","","","global","pleth","x","P","P","x","x"
"145","Eurycea_wilderae","145","39",0.999999000001,"Eurycea","wilderae","E_wilderae",21,"plethodontids","M","Mpleth","336","49-384","AF252379","specimen","ID","#","not","in","GenBank","can't","find","in","Herp","Monograph","but","might","be","in","there?)","1368","1-1368","DQ283254","UMMZ","221205","","","","","","","","","","","","","","","","","","","","","","global","pleth","M","M","Mpleth","Mpleth","Mpleth"
"139","Gyrinophilus_porphyriticus","139","36",1,"Gyrinophilus","porphyriticus","G_porphyriticus",23,"plethodontids","M","Mpleth","1140","WHOLE","NC_006341","MVZ","173504","WHOLE","WHOLE","NC_006341","MVZ","173504","","","","","","","","","","","","","","","","","","","","","","","","","","","","","","","","","","","","global","pleth","M","M","Mpleth","Mpleth","Mpleth"
"136","Hemidactylium_scutatum","136","78",0.999999000001,"Hemidactylium","scutatum","H_scutatum",33,"plethodontids","M","Mpleth","1140","WHOLE","NC_006342","MVZ","225077","WHOLE","WHOLE","NC_006342","MVZ","225077","","","","","","","","","","","","","","","","","","","","","","","","","","","","","","","","","","","","global","pleth","M","M","Mpleth","Mpleth","Mpleth"
"123","Hydromantes_genei","123","24",0.999999000001,"Hydromantes","genei","H_genei",43,"plethodontids","D","1140","WHOLE","My","JGI","data","need","MVZ#","not","in","MVZ","database","WHOLE","WHOLE","My","JGI","data","need","MVZ#","not","in","MVZ","database","","","","","","","","","","","","","","","","","","","","","","","","","global","pleth","x","D","D","x","x"
"122","Hydromantes_italicus","122","24",0.999999000001,"Hydromantes","italicus","H_italicus",72,"plethodontids","D","1140","WHOLE","AY728215","MVZ163996","WHOLE","WHOLE","AY728215","MVZ163996","","","","","","","","","","","","","","","","","","","","","","","","","","","","","","","","","","","","","","","global","pleth","x","D","D","x","x"
"121","Hydromantes_platycephalus","121","24",0.999999000001,"Hydromantes","platycephalus","H_platycephalus",50,"plethodontids","D","555","41-596","cytochrome","b","(cytb)","gene","mitochondrial","gene","encoding","mitochondrial","protein","partial","cds","gi|2351752|gb|U89613.1|HPU89613","1363","1-1363","DQ283227","CAS","206495","16s-cytb","chimaera","","","","","","","","","","","","","","","","","","","","","","","","","","global","pleth","x","D","D","x","x"
"88","Hynobius_naevius","88","3",0.999999000001,"Hynobius","naevius","H_naevius",20,"nonp","M","whole","whole","AB266672","KUHE:28584","1057","360-1417","AB201694","KUHE:28584","","","","","","","","","","","","","","","","","","","","","","","","","","","","","","","","","","","","","","","global","nonp","M","M","M","x","M"
"125","Karsenia_koreana","125","33",0.999999000001,"Karsenia","koreana","K_koreana",52,"plethodontids","D","781","1-781","JF449367","MVZ-HERP-246033","WHOLE","WHOLE","JF449367","MVZ-HERP-246033","","","","","","","","","","","","","","","","","","","","","","","","","","","","","","","","","","","","","","","global","pleth","x","D","D","x","x"
"154","Lineatriton_lineolus","154","46",0.999999000001,"Lineatriton","lineolus","L_lineolus",31,"plethodontids","D","569","61-630","AF380767","S1162","510","820-1340","AF380806","S1162","","","","","","","","","","","","","","","","","","","","","","","","","","","","","","","","","","","","","","","global","pleth","x","D","D","x","x"
"107","Necturus_maculosus","107","15",0.999999000001,"Necturus","maculosus","N_maculosus",85,"nonp","P","782","22-804","AY691724","1394","1-1394","DQ283412","AMCC","105652","16s-cytb","chimaera","","","","","","","","","","","","","","","","","","","","","","","","","","","","","","","","","","","","","global","nonp","x","P","P","x","x"
"174","Nototriton_picadoi","174","67",0.999999000001,"Nototriton","picadoi","N_picadoi",28,"plethodontids","D","385","20-405","MVZ 203745 cytochrome b gene, partial cds; mitochondrial gene for mitochondrial product gi|6457404|gb|AF199145.1|AF199145 ","510","820-1340","AF199205","MVZ","225899","16s","chimaera","cyt-b","chimaera","(3","total","individuals)","","","","","","","","","","","","","","","","","","","","","","","","","","","","","","","","global","pleth","x","D","D","x","x"
"173","Nyctanolis_pernix","173","64",0.999999000001,"Nyctanolis","pernix","N_pernix",28,"plethodontids","D","782","21-804","AY691756","UTA","53058","1139","191-1368","DQ640047","DQ640059","mea2247","16S","DATA","FOR","SAME","INDIVIDUAL","FROM","TWO","STUDIES","16s-cytb","chimaera","","","","","","","","","","","","","","","","","","","","","","","","","","","global","pleth","x","D","D","x","x"
"177","Oedipina_poelzi","177","65",0.999999000001,"Oedipina","poelzi","O_poelzi",52,"plethodontids","D","1140","WHOLE","NC_006326","MVZ207128","WHOLE","WHOLE","NC_006326","MVZ207128","","","","","","","","","","","","","","","","","","","","","","","","","","","","","","","","","","","","","","","global","pleth","x","D","D","x","x"
"176","Oedipina_pseudouniformis","176","65",0.999999000001,"Oedipina","pseudouniformis","O_pseudouniformis",41,"plethodontids","D","385","20-405","AF199178","MVZ","203749","~510","820-1336","AF199227","MVZ","203749","","","","","","","","","","","","","","","","","","","","","","","","","","","","","","","","","","","","","global","pleth","x","D","D","x","x"
"175","Oedipina_uniformis","175","66",0.999999000001,"Oedipina","uniformis","O_uniformis",45,"plethodontids","D","550","20-817","with","246","Ns","NICK","AF199185","MVZ","190853","MVZ","233161","1140","191-1369","WITH","38","N'S","IN","MIDDLE","gi|6457565|gb|AF199230.1|AF199230 Oedipina uniformis country Costa Rica 16S ribosomal RNA gene, partial sequence; mitochondrial gene for mitochondrial product","ucr12062","MVZ","190853","16s","chimaera","cyt-b","chimaera","(3","total","individuals)","","","","","","","","","","","","","","","","","","global","pleth","x","D","D","x","x"
"86","Onychodactylus_fischeri","86","5",0.999999000001,"Onychodactylus","fischeri","O_fischeri",48,"nonp","M","whole","whole","DQ333820","whole","whole","DQ333820","","","","","","","","","","","","","","","","","","","","","","","","","","","","","","","","","","","","","","","","","global","nonp","M","M","M","x","M"
"100","Paramesotriton_hongkongensis","100","13",0.999999000001,"Paramesotriton","hongkongensis","P_hongkongensis",51,"nonp","M","whole","whole","NC_006407","whole","whole","NC_006407","","","","","","","","","","","","","","","","","","","","","","","","","","","","","","","","","","","","","","","","","global","nonp","M","M","M","x","M"
"147","Parvimolge_townsendi","147","50",0.999999000001,"Parvimolge","townsendi","P_townsendi",21,"plethodontids","D","371","69-439","AF451206","mvz","190947","1179","191-1370","DQ640050","AF451247","MVZ","190947","16S","DATA","FOR","SAME","INDIVIDUAL","FROM","TWO","STUDIES","","","","","","","","","","","","","","","","","","","","","","","","","","","","global","pleth","x","D","D","x","x"
"116","Plethodon_cinereus","116","19",0.999999000001,"Plethodon","cinereus","P_cinereus",23,"plethodontids","D","1137","WHOLE","NC_006343","MVZ","225101","WHOLE","WHOLE","NC_006343","MVZ","225101","","","","","","","","","","","","","","","","","","","","","","","","","","","","","","","","","","","","","global","pleth","x","D","D","x","x"
"113","Plethodon_dunni","113","16",1,"Plethodon","dunni","P_dunni",42,"plethodontids","D","1124","21-1141","AY183763","my","JGI","(mvz244063","or","244064","...accession","#","13923)","S12356","1325","1-1325","DQ283262","AMNH","TAT","1040","cyt-b","is","a","chimaera","of","2","and","16s","is","different","still","","","","","","","","","","","","","","","","","","global","pleth","x","D","D","x","x"
"114","Plethodon_elongatus","114","17",0.999999000001,"Plethodon","elongatus","P_elongatus",33,"plethodontids","D","1142","WHOLE","NC_006335","MVZ220003","WHOLE","whole","NC_006335","MVZ220003","","","","","","","","","","","","","","","","","","","","","","","","","","","","","","","","","","","","","","","global","pleth","x","D","D","x","x"
"118","Plethodon_glutinosus","118","20",0.999999000001,"Plethodon","glutinosus","P_glutinosus",27,"plethodontids","D","649","1-649","DQ994938","UTA","A-56969","~1207","153-1341","Nick","MVZ","222638","","","","","","","","","","","","","","","","","","","","","","","","","","","","","","","","","","","","","global","pleth","x","D","D","x","x"
"119","Plethodon_ouachitae","119","20",0.999999000001,"Plethodon","ouachitae","P_ouchitae",34,"plethodontids","D","783","21-804","AY691747","UTA","56607","986","354-1370","1","Meredith","Mahoney's","unpublished","data","from","her","postdoc","MVZ","145043","16s-cytb","chimaera","","","","","","","","","","","","","","","","","","","","","","","","","","","","global","pleth","x","D","D","x","x"
"115","Plethodon_richmondi","115","19",0.999999000001,"Plethodon","richmondi","P_richmondi",20,"plethodontids","D","792","18-810","AY378072","isolate","53586","902","365-1340","2","from","Meredith","RWV-ASU","22746","16s-cytb","chimaera","","","","","","","","","","","","","","","","","","","","","","","","","","","","","","","","","global","pleth","x","D","D","x","x"
"111","Plethodon_vandykei","111","18",1,"Plethodon","vandykei","P_vandykei",69,"plethodontids","D","783","21-804","AY691759","UTA","56609","1014","365-1340","Meredith","Mahoney's","unpublished","data","from","her","postdoc","MVZ","236241","16s-cytb","chimaera","","","","","","","","","","","","","","","","","","","","","","","","","","","","","global","pleth","x","D","D","x","x"
"112","Plethodon_vehiculum","112","16",1,"Plethodon","vehiculum","P_vehiculum",38,"plethodontids","D","782","21-804","AY691760","UTA","56610","968","365-1340","Meredith","Mahoney's","unpublished","data","from","her","postdoc","MVZ","220729","16s-cytb","chimaera","","","","","","","","","","","","","","","","","","","","","","","","","","","","","global","pleth","x","D","D","x","x"
"117","Plethodon_welleri","117","21",1,"Plethodon","welleri","P_welleri",23,"plethodontids","D","782","21-804","AY691761","PwelleriJB202","986","365-1340","Meredith","Mahoney's","unpublished","data","from","her","postdoc","RWV-ASU","22745","16s-cytb","chimaera","","","","","","","","","","","","","","","","","","","","","","","","","","","","","","global","pleth","x","D","D","x","x"
"120","Plethodon_yonahlossee","120","20",0.999999000001,"Plethodon","yonahlossee","P_yonahlossee",31,"plethodontids","D","792","18-811","AY378075","isolate","77653","1510","1-1510","gi|3114857|emb|Y10948","SPECIMEN","INFO","NOT","IN","GENBANK","HAVE","TO","LOOK","UP","PAPER","","","","","","","","","","","","","","","","","","","","","","","","","","","","","global","pleth","x","D","D","x","x"
"108","Proteus_anguinus","108","15",0.999999000001,"Proteus","anguinus","P_anguinus",49,"nonp","P","whole","whole","GQ368659","whole","whole","GQ368659","","","","","","","","","","","","","","","","","","","","","","","","","","","","","","","","","","","","","","","","","global","nonp","x","P","P","x","x"
"91","Pseudobranchus_striatus","91","7",0.999999000001,"Pseudobranchus","striatus","P_striatus",47,"nonp","P","785","19-804","AY713120","haplotype","1","1394","1-1394","DQ283183","AMCC125629","16s-cytb","chimaera","","","","","","","","","","","","","","","","","","","","","","","","","","","","","","","","","","","","global","nonp","x","P","P","x","x"
"149","Pseudoeurycea_bellii","149","43",0.999999000001,"Pseudoeurycea","bellii","P_belli_sierraoccidentalis",47,"plethodontids","D","693","59-751","GP1030","AY864681","1144","191-1368","DQ640038","AY864695","gp1029","16s","data","from","same","individual","from","two","studies","chimaera","with","cyt-b","","","","","","","","","","","","","","","","","","","","","","","","","","","global","pleth","x","D","D","x","x"
"148","Pseudoeurycea_cephalica","148","43",0.999999000001,"Pseudoeurycea","cephalica","P_cephalica",40,"plethodontids","D","571","59-628","AF451199","GP","208","~510","820-1336","AF451216","GP","270","16s-cytb","chimaera","","","","","","","","","","","","","","","","","","","","","","","","","","","","","","","","","","","global","pleth","x","D","D","x","x"
"153","Pseudoeurycea_juarezi","153","47",0.999999000001,"Pseudoeurycea","juarezi","P_juarezi",27,"plethodontids","D","570","60-628","AF380771","s2509","1146","191-1371","DQ640031","AF380810","GP536","s2509","16s","is","a","chimaera","but","cyt-b","is","one","of","those","two","individuals","","","","","","","","","","","","","","","","","","","","","","","","","global","pleth","x","D","D","x","x"
"155","Pseudoeurycea_leprosa","155","46",0.999999000001,"Pseudoeurycea","leprosa","P_leprosa",28,"plethodontids","D","570","60-628","GQ468493","JCW349","1150","191-1370","DQ640033","AF380820","gp399","16s","data","from","same","individual","from","2","studies","chimaera","with","cyt-b","","","","","","","","","","","","","","","","","","","","","","","","","","","global","pleth","x","D","D","x","x"
"151","Pseudoeurycea_melanomolga","151","44",0.999999000001,"Pseudoeurycea","melanomolga","P_melanomolga",40,"plethodontids","D","570","59-628","AF451200","GP","47","600","820-1336","AF451228","MVZ","163952","16s-cytb","chimaera","","","","","","","","","","","","","","","","","","","","","","","","","","","","","","","","","","","global","pleth","x","D","D","x","x"
"152","Pseudoeurycea_rex","152","45",0.999999000001,"Pseudoeurycea","rex","P_rex",37,"plethodontids","D","783","21-804","AY691757","UTA","56667","515","820-1336","AF451237","MVZ","149701","","","","","","","","","","","","","","","","","","","","","","","","","","","","","","","","","","","","","global","pleth","x","D","D","x","x"
"150","Pseudoeurycea_robertsi","150","44",0.999999000001,"Pseudoeurycea","robertsi","P_robertsi",52,"plethodontids","D","570","60-628","AF380792","gp331","515","820-1336","AF380831","gp331","","","","","","","","","","","","","","","","","","","","","","","","","","","","","","","","","","","","","","","global","pleth","x","D","D","x","x"
"137","Pseudotriton_montanus","137","35",1,"Pseudotriton","montanus","P_montanus",23,"plethodontids","M","Mpleth","1140","WHOLE","Nick","TNHC","54222","525","845-1370","EF107217","1621PseMon","16s-cytb","chimaera","","","","","","","","","","","","","","","","","","","","","","","","","","","","","","","","","","","global","pleth","M","M","Mpleth","Mpleth","Mpleth"
"138","Pseudotriton_ruber","138","35",1,"Pseudotriton","ruber","P_ruber",25,"plethodontids","M","Mpleth","1141","WHOLE","NC_006332","MVZ","220897","WHOLE","WHOLE","NC_006332","MVZ","220897","","","","","","","","","","","","","","","","","","","","","","","","","","","","","","","","","","","","global","pleth","M","M","Mpleth","Mpleth","Mpleth"
"87","Ranodon_sibiricus","87","4",0.999999000001,"Ranodon","sibiricus","R_sibiricus",24,"nonp","M","whole","whole","NC_004021","whole","whole","NC_004021","","","","","","","","","","","","","","","","","","","","","","","","","","","","","","","","","","","","","","","","","global","nonp","M","M","M","x","M"
"109","Rhyacotriton_olympicus","109","80",0.999999000001,"Rhyacotriton","olympicus","R_olympicus",67,"nonp","M","779","26-805","AY764254","Haplotype","H59","760","~28","N's","to","link","558-1368","X86319","&","X86285","16s-cytb chimaera.  Hay et al. lists 3 RH #s for 16s data; unclear which were used for which fragment, so unclear whether chimaera within 16s or not.","","","","","","","","","","","","","","","","","","","","","","","","","","","","","","","","global","nonp","M","M","M","x","M"
"90","Salamandrella_keyserlingii","90","3",0.999999000001,"Salamandrella","keyserlingii","S_keyserlingii",25,"nonp","M","whole","whole","DQ333814","whole","whole","DQ333814","","","","","","","","","","","","","","","","","","","","","","","","","","","","","","","","","","","","","","","","","global","nonp","M","M","M","x","M"
"93","Siren_intermedia","93","6",1,"Siren","intermedia","S_intermedia",55,"nonp","P","whole","whole","GQ368661","whole","whole","GQ368661","","","","","","","","","","","","","","","","","","","","","","","","","","","","","","","","","","","","","","","","","global","nonp","x","P","P","x","x"
"92","Siren_lacertina","92","6",1,"Siren","lacertina","S_lacertina",56,"nonp","P","821","19-840","AY713290","haplotype","171","1364","1-1394","DQ283181","AMCC","125630","16s-cytb","chimaera","","","","","","","","","","","","","","","","","","","","","","","","","","","","","","","","","","","global","nonp","x","P","P","x","x"
"103","Triturus_carnifex","103","11",0.999999000001,"Triturus","carnifex","T_carnifex",27,"nonp","M","(although","rare","P","pops)","whole","whole","NC_015788","whole","whole","NC_015788","","","","","","","","","","","","","","","","","","","","","","","","","","","","","","","","","","","","","global","nonp","M","M","M","x","M"
"105","Triturus_cristatus","105","11",0.999999000001,"Triturus","cristatus","T_cristatus",24,"nonp","M","whole","whole","NC_015790","whole","whole","NC_015790","","","","","","","","","","","","","","","","","","","","","","","","","","","","","","","","","","","","","","","","","global","nonp","M","M","M","x","M"
"106","Triturus_dobrogicus","106","11",0.999999000001,"Triturus","dobrogicus","T_dobrogicus",27,"nonp","M","whole","whole","NC_015791","whole","whole","NC_015791","","","","","","","","","","","","","","","","","","","","","","","","","","","","","","","","","","","","","","","","","global","nonp","M","M","M","x","M"
"104","Triturus_karelinii","104","11",0.999999000001,"Triturus","karelinii","T_karelinii",30,"nonp","M","whole","whole","NC_015792","whole","whole","NC_015792","","","","","","","","","","","","","","","","","","","","","","","","","","","","","","","","","","","","","","","","","global","nonp","M","M","M","x","M"
"101","Triturus_marmoratus","101","10",0.999999000001,"Triturus","marmoratus","T_marmoratus",24,"nonp","M","whole","whole","NC_015795","whole","whole","NC_015795","","","","","","","","","","","","","","","","","","","","","","","","","","","","","","","","","","","","","","","","","global","nonp","M","M","M","x","M"
"102","Triturus_pygmaeus","102","10",0.999999000001,"Triturus","pygmaeus","T_pygmaeus",27,"nonp","M","whole","whole","NC_015796","whole","whole","NC_015796","","","","","","","","","","","","","","","","","","","","","","","","","","","","","","","","","","","","","","","","","global","nonp","M","M","M","x","M"
